<step title="Incoming Request" date="2025-12-21T20:11:01.409" instance="f83f3e" url="/api/publish?type=zip&amp;async=True" method="POST" type="request" pid="768,1,26" Accept="*/*" Host="evaluaasi-motorv2-api.scm.azurewebsites.net" User-Agent="AZURECLI/2.81.0 (DEB)" Accept-Encoding="gzip, deflate" Authorization="Bea..." Cache-Control="no-cache" Content-Type="application/octet-stream" Cookie="ARRAffinity=f83f3ee9d12286f77233e42da2051dc9f32cd9fc92bde9436ebe04cf374c5900; ARRAffinitySameSite=f83f3ee9d12286f77233e42da2051dc9f32cd9fc92bde9436ebe04cf374c5900" Content-Length="46800" x-ms-client-request-id="28062406-dea9-11f0-a1e3-7c1e52257deb" x-ms-artifact-checksum="f9ef5d276ca5854cf4b0966ae8cde4b7dae4253615a46c94413581ec73fc4879" X-ARR-LOG-ID="28062406-dea9-11f0-a1e3-7c1e52257deb" CLIENT-IP="172.182.200.129:51721" X-SITE-DEPLOYMENT-ID="evaluaasi-motorv2-api" WAS-DEFAULT-HOSTNAME="evaluaasi-motorv2-api.scm.azurewebsites.net" X-Forwarded-Proto="https" X-AppService-Proto="https" X-Forwarded-TlsVersion="1.3" X-WAWS-Unencoded-URL="/api/publish?type=zip&amp;async=True" X-Client-IP="172.182.200.129" X-Client-Port="51721" >
  <step title="OneDeploy" date="2025-12-21T20:11:01.438" >
    <step title="Starting PushDeployAsync" date="2025-12-21T20:11:01.456" /><!-- duration: 10ms -->
    <step title="Writing artifact to /tmp/zipdeploy/bfa1e1b9-00ce-4cd6-9542-c9d01ed1b3e7.zip" date="2025-12-21T20:11:01.496" >
      <step title="Writing multipart request body to /tmp/zipdeploy/bfa1e1b9-00ce-4cd6-9542-c9d01ed1b3e7.zip" date="2025-12-21T20:11:01.513" /><!-- duration: 20ms -->
    </step><!-- duration: 76ms -->
    <step title="Start deployment in the background" date="2025-12-21T20:11:01.595" >
      <step title="Acquiring Deployment Lock" date="2025-12-21T20:11:01.618" /><!-- duration: 3ms -->
      <step title="Acquired Deployment Lock" date="2025-12-21T20:11:01.652" /><!-- duration: 5ms -->
    </step><!-- duration: 190ms -->
  </step><!-- duration: 352ms -->
  <step title="Outgoing response" date="2025-12-21T20:11:01.793" type="response" statusCode="202" statusText="Accepted" /><!-- duration: 3ms -->
</step><!-- duration: 389ms -->
