<step title="Incoming Request" date="2025-12-23T18:33:30.953" instance="f83f3e" url="/api/publish?type=zip" method="POST" type="request" pid="768,1,3" Accept="*/*" Host="evaluaasi-motorv2-api.scm.azurewebsites.net" User-Agent="AZURECLI/2.81.0 (DEB)" Accept-Encoding="gzip, deflate" Authorization="Bea..." Cache-Control="no-cache" Content-Type="application/octet-stream" Cookie="ARRAffinity=f83f3ee9d12286f77233e42da2051dc9f32cd9fc92bde9436ebe04cf374c5900; ARRAffinitySameSite=f83f3ee9d12286f77233e42da2051dc9f32cd9fc92bde9436ebe04cf374c5900" Content-Length="60950" x-ms-client-request-id="dc977688-e02d-11f0-b5fc-70a8a5198313" x-ms-artifact-checksum="f41f2d1cdd4c3224aa68ec5fbcc66277e4a901fb29870999896cc5af515c378f" X-ARR-LOG-ID="dc977688-e02d-11f0-b5fc-70a8a5198313" CLIENT-IP="172.182.200.131:47641" X-SITE-DEPLOYMENT-ID="evaluaasi-motorv2-api" WAS-DEFAULT-HOSTNAME="evaluaasi-motorv2-api.scm.azurewebsites.net" X-Forwarded-Proto="https" X-AppService-Proto="https" X-Forwarded-TlsVersion="1.3" X-WAWS-Unencoded-URL="/api/publish?type=zip" X-Client-IP="172.182.200.131" X-Client-Port="47641" >
  <step title="OneDeploy" date="2025-12-23T18:33:31.016" >
    <step title="None repository commit" date="2025-12-23T18:33:31.021" >
      <step title="Commit id: eee58411-5771-4191-b19e-8666668c344f" date="2025-12-23T18:33:31.024" Message="N/A" AuthorName="N/A" AuthorEmail="N/A" /><!-- duration: 5ms -->
    </step><!-- duration: 10ms -->
    <step title="Starting PushDeployAsync" date="2025-12-23T18:33:31.034" /><!-- duration: 5ms -->
    <step title="Writing artifact to /tmp/zipdeploy/4566f7d8-2045-4782-ab24-8066d65b826d.zip" date="2025-12-23T18:33:31.050" >
      <step title="Writing multipart request body to /tmp/zipdeploy/4566f7d8-2045-4782-ab24-8066d65b826d.zip" date="2025-12-23T18:33:31.058" /><!-- duration: 10ms -->
    </step><!-- duration: 80ms -->
    <step title="None repository commit" date="2025-12-23T18:33:31.138" >
      <step title="Commit id: eee58411-5771-4191-b19e-8666668c344f" date="2025-12-23T18:33:31.144" Message="N/A" AuthorName="N/A" AuthorEmail="N/A" /><!-- duration: 3ms -->
    </step><!-- duration: 12ms -->
    <step title="Attempting to fetch target branch HEAD" date="2025-12-23T18:33:31.154" /><!-- duration: 5ms -->
    <step title="Acquiring Deployment Lock" date="2025-12-23T18:33:31.171" /><!-- duration: 4ms -->
    <step title="Acquired Deployment Lock" date="2025-12-23T18:33:31.217" /><!-- duration: 3ms -->
    <step title="None repository commit" date="2025-12-23T18:33:31.225" >
      <step title="Commit id: eee58411-5771-4191-b19e-8666668c344f" date="2025-12-23T18:33:31.228" Message="N/A" AuthorName="N/A" AuthorEmail="N/A" /><!-- duration: 3ms -->
    </step><!-- duration: 9ms -->
    <step title="Performing fetch based deployment" date="2025-12-23T18:33:31.237" >
      <step title="Creating temporary deployment" date="2025-12-23T18:33:31.242" /><!-- duration: 85ms -->
      <step title="Releasing Deployment Lock" date="2025-12-23T18:33:32.493" /><!-- duration: 5ms -->
      <step title="Cleaning up temp folders from previous zip deployments and extracting pushed zip file /tmp/zipdeploy/4566f7d8-2045-4782-ab24-8066d65b826d.zip (0.06 MB) to /tmp/zipdeploy/extracted" date="2025-12-23T18:33:32.552" >
        <step title="ChmodRecursive Process exited with total time taken in ms: 115" date="2025-12-23T18:33:32.843" /><!-- duration: 10ms -->
      </step><!-- duration: 320ms -->
      <step title="None repository commit" date="2025-12-23T18:33:32.890" >
        <step title="Commit id: eee58411-5771-4191-b19e-8666668c344f" date="2025-12-23T18:33:32.899" Message="OneDeploy" AuthorName="N/A" AuthorEmail="N/A" /><!-- duration: 10ms -->
      </step><!-- duration: 30ms -->
      <step title="None repository commit" date="2025-12-23T18:33:34.943" >
        <step title="Commit id: eee58411-5771-4191-b19e-8666668c344f" date="2025-12-23T18:33:34.982" Message="N/A" AuthorName="N/A" AuthorEmail="N/A" /><!-- duration: 26ms -->
      </step><!-- duration: 83ms -->
      <step title="Deployment timer started" date="2025-12-23T18:33:35.045" >
        <step title="DeploymentManager.Deploy(id:eee58411-5771-4191-b19e-8666668c344f)" date="2025-12-23T18:33:35.056" >
          <step title="Collecting changeset information" date="2025-12-23T18:33:35.121" /><!-- duration: 147ms -->
          <step title="Updating submodules" date="2025-12-23T18:33:35.279" /><!-- duration: 1265ms -->
          <step title="Determining deployment builder" date="2025-12-23T18:33:36.966" >
            <step title="Builder is OryxBuilder" date="2025-12-23T18:33:36.969" /><!-- duration: 8ms -->
          </step><!-- duration: 21ms -->
          <step title="PreDeployment: context.CleanOutputPath False" date="2025-12-23T18:33:37.064" >
            <step title="PreDeployment: context.OutputPath /home/site/wwwroot" date="2025-12-23T18:33:37.230" >
              <step title="Building" date="2025-12-23T18:33:37.494" >
                <step title="Executing external process" date="2025-12-23T18:33:38.079" type="process" path="starter.sh" arguments="kudusync -v 50 -f /tmp/zipdeploy/extracted -t /home/site/wwwroot -n /home/site/deployments/eee58411-5771-4191-b19e-8666668c344f/manifest -p /home/site/deployments/8f9c3746-de92-4351-986e-9d75d8181153/manifest -i &quot;.git;.hg;.deployment;.deploy.sh&quot;" /><!-- duration: 1758ms -->
                <step title="Modified file to trigger a restart of the app container." date="2025-12-23T18:33:40.917" /><!-- duration: 4ms -->
                <step title="Skip function trigger and logicapp sync because function is not enabled." date="2025-12-23T18:33:40.925" /><!-- duration: 6ms -->
                <step title="Purge deployment items" date="2025-12-23T18:33:42.153" >
                  <step title="Remove 4d4b4d12-, Success, received at 12/21/2025 19:36:55" date="2025-12-23T18:33:42.213" /><!-- duration: 2ms -->
                </step><!-- duration: 65ms -->
              </step><!-- duration: 4789ms -->
            </step><!-- duration: 5058ms -->
            <step title="Cleaning up temp files" date="2025-12-23T18:33:42.291" /><!-- duration: 3ms -->
            <step title="Cleaning up temp files" date="2025-12-23T18:33:42.303" /><!-- duration: 518ms -->
            <step title="Reloading status file with latest updates" date="2025-12-23T18:33:42.879" >
              <step title="WebHooksManager.PublishEventAsync: PostDeployment" date="2025-12-23T18:33:42.893" /><!-- duration: 187ms -->
            </step><!-- duration: 210ms -->
            <step title="Cleaning up temporary deployment - fetch deployment was successful" date="2025-12-23T18:33:43.149" /><!-- duration: 19ms -->
          </step><!-- duration: 6265ms -->
        </step><!-- duration: 8282ms -->
        <step title="Outgoing response" date="2025-12-23T18:33:43.354" type="response" statusCode="200" statusText="OK" /><!-- duration: 11ms -->
      </step><!-- duration: 8339ms -->
