﻿<?xml version="1.0" encoding="utf-8"?>
<deployment>
  <id>6e769ebf-4467-4514-88cd-396b23768bbd</id>
  <author>N/A</author>
  <deployer>OneDeploy</deployer>
  <authorEmail>N/A</authorEmail>
  <message>N/A</message>
  <progress></progress>
  <status>Success</status>
  <statusText></statusText>
  <lastSuccessEndTime>2025-12-23T18:43:11.6392782Z</lastSuccessEndTime>
  <receivedTime>2025-12-23T18:43:06.6105276Z</receivedTime>
  <startTime>2025-12-23T18:43:07.9951383Z</startTime>
  <endTime>2025-12-23T18:43:11.6392782Z</endTime>
  <complete>True</complete>
  <is_temp>False</is_temp>
  <is_readonly>True</is_readonly>
  <buildSummary />
</deployment>