<step title="Incoming Request" date="2025-12-20T22:51:16.328" instance="f83f3e" url="/api/publish?type=zip&amp;async=True" method="POST" type="request" pid="770,1,7" Accept="*/*" Host="evaluaasi-motorv2-api.scm.azurewebsites.net" User-Agent="AZURECLI/2.81.0 (DEB)" Accept-Encoding="gzip, deflate" Authorization="Bea..." Cache-Control="no-cache" Content-Type="application/octet-stream" Cookie="ARRAffinity=f83f3ee9d12286f77233e42da2051dc9f32cd9fc92bde9436ebe04cf374c5900; ARRAffinitySameSite=f83f3ee9d12286f77233e42da2051dc9f32cd9fc92bde9436ebe04cf374c5900" Content-Length="32929" x-ms-client-request-id="5e2c16d4-ddf6-11f0-82d3-7c1e527c4dfd" x-ms-artifact-checksum="bdac87415c0099e4b006ba545f6c5dc41733cfb15949c5b7c12360fa748bb653" X-ARR-LOG-ID="5e2c16d4-ddf6-11f0-82d3-7c1e527c4dfd" CLIENT-IP="20.171.127.64:19905" X-SITE-DEPLOYMENT-ID="evaluaasi-motorv2-api" WAS-DEFAULT-HOSTNAME="evaluaasi-motorv2-api.scm.azurewebsites.net" X-Forwarded-Proto="https" X-AppService-Proto="https" X-Forwarded-TlsVersion="1.3" X-WAWS-Unencoded-URL="/api/publish?type=zip&amp;async=True" X-Client-IP="20.171.127.64" X-Client-Port="19905" >
  <step title="OneDeploy" date="2025-12-20T22:51:16.607" >
    <step title="None repository commit" date="2025-12-20T22:51:16.655" >
      <step title="Commit id: 56bf212a-a454-4610-8292-4e76fb2da4bc" date="2025-12-20T22:51:16.674" Message="N/A" AuthorName="N/A" AuthorEmail="N/A" /><!-- duration: 29ms -->
    </step><!-- duration: 89ms -->
    <step title="Starting PushDeployAsync" date="2025-12-20T22:51:16.772" /><!-- duration: 10ms -->
    <step title="Writing artifact to /tmp/zipdeploy/e4d012e8-970d-4b0b-8ba7-0d3a2707bd06.zip" date="2025-12-20T22:51:16.909" >
      <step title="Writing multipart request body to /tmp/zipdeploy/e4d012e8-970d-4b0b-8ba7-0d3a2707bd06.zip" date="2025-12-20T22:51:16.937" /><!-- duration: 18ms -->
    </step><!-- duration: 231ms -->
    <step title="Start deployment in the background" date="2025-12-20T22:51:17.188" >
      <step title="Acquiring Deployment Lock" date="2025-12-20T22:51:17.266" /><!-- duration: 9ms -->
      <step title="Acquired Deployment Lock" date="2025-12-20T22:51:17.406" /><!-- duration: 9ms -->
    </step><!-- duration: 554ms -->
  </step><!-- duration: 1178ms -->
  <step title="Outgoing response" date="2025-12-20T22:51:17.870" type="response" statusCode="202" statusText="Accepted" /><!-- duration: 13ms -->
</step><!-- duration: 1574ms -->
