<step title="BackgroundTrace" date="2025-12-20T22:51:17.200" instance="f83f3e" url="/api/publish" method="POST" >
  <step title="Creating temporary deployment - FetchDeploymentManager" date="2025-12-20T22:51:17.435" /><!-- duration: 10ms -->
  <step title="Creating temporary deployment" date="2025-12-20T22:51:17.483" /><!-- duration: 213ms -->
  <step title="Performing fetch based deployment" date="2025-12-20T22:51:18.057" >
    <step title="Cleaning up temp folders from previous zip deployments and extracting pushed zip file /tmp/zipdeploy/e4d012e8-970d-4b0b-8ba7-0d3a2707bd06.zip (0.03 MB) to /tmp/zipdeploy/extracted" date="2025-12-20T22:51:19.583" >
      <step title="ChmodRecursive Process exited with total time taken in ms: 171" date="2025-12-20T22:51:20.106" /><!-- duration: 31ms -->
    </step><!-- duration: 603ms -->
    <step title="Deployment timer started" date="2025-12-20T22:51:22.363" >
      <step title="DeploymentManager.Deploy(id:56bf212a-a454-4610-8292-4e76fb2da4bc)" date="2025-12-20T22:51:22.392" >
        <step title="Collecting changeset information" date="2025-12-20T22:51:22.498" /><!-- duration: 240ms -->
        <step title="Updating submodules" date="2025-12-20T22:51:22.768" /><!-- duration: 1721ms -->
        <step title="Determining deployment builder" date="2025-12-20T22:51:26.212" >
          <step title="Builder is OryxBuilder" date="2025-12-20T22:51:26.491" /><!-- duration: 36ms -->
        </step><!-- duration: 341ms -->
        <step title="PreDeployment: context.CleanOutputPath False" date="2025-12-20T22:51:26.926" >
          <step title="PreDeployment: context.OutputPath /home/site/wwwroot" date="2025-12-20T22:51:27.200" >
            <step title="Building" date="2025-12-20T22:51:27.600" >
              <step title="Executing external process" date="2025-12-20T22:51:28.902" type="process" path="bash" arguments="-c &quot;oryx build /tmp/zipdeploy/extracted -o /home/site/wwwroot --platform python --platform-version 3.11 -p virtualenv_name=antenv --log-file /tmp/build-debug.log  -i /tmp/8de401a4e9fa53e --compress-destination-dir | tee /tmp/oryx-build.log ; exit $PIPESTATUS &quot;" 