<step title="Incoming Request" date="2025-12-23T18:43:02.589" instance="f83f3e" url="/api/publish?type=zip" method="POST" type="request" pid="768,1,32" Accept="*/*" Host="evaluaasi-motorv2-api.scm.azurewebsites.net" User-Agent="AZURECLI/2.81.0 (DEB)" Accept-Encoding="gzip, deflate" Authorization="Bea..." Cache-Control="no-cache" Content-Type="application/octet-stream" Cookie="ARRAffinity=f83f3ee9d12286f77233e42da2051dc9f32cd9fc92bde9436ebe04cf374c5900; ARRAffinitySameSite=f83f3ee9d12286f77233e42da2051dc9f32cd9fc92bde9436ebe04cf374c5900" Content-Length="61031" x-ms-client-request-id="3245437a-e02f-11f0-a606-70a8a5198313" x-ms-artifact-checksum="28b666d8f8d169c2f973b519f902db822a165d6b45d0d9f440f012e03d54c0b2" X-ARR-LOG-ID="3245437a-e02f-11f0-a606-70a8a5198313" CLIENT-IP="172.182.200.131:47641" X-SITE-DEPLOYMENT-ID="evaluaasi-motorv2-api" WAS-DEFAULT-HOSTNAME="evaluaasi-motorv2-api.scm.azurewebsites.net" X-Forwarded-Proto="https" X-AppService-Proto="https" X-Forwarded-TlsVersion="1.3" X-WAWS-Unencoded-URL="/api/publish?type=zip" X-Client-IP="172.182.200.131" X-Client-Port="47641" >
  <step title="OneDeploy" date="2025-12-23T18:43:02.618" >
    <step title="None repository commit" date="2025-12-23T18:43:02.634" >
      <step title="Commit id: 6e769ebf-4467-4514-88cd-396b23768bbd" date="2025-12-23T18:43:02.642" Message="N/A" AuthorName="N/A" AuthorEmail="N/A" /><!-- duration: 5ms -->
    </step><!-- duration: 18ms -->
    <step title="Starting PushDeployAsync" date="2025-12-23T18:43:02.657" /><!-- duration: 5ms -->
    <step title="Writing artifact to /tmp/zipdeploy/76a904d2-59fd-459b-89c7-4380855a5bfc.zip" date="2025-12-23T18:43:02.709" >
      <step title="Writing multipart request body to /tmp/zipdeploy/76a904d2-59fd-459b-89c7-4380855a5bfc.zip" date="2025-12-23T18:43:02.720" /><!-- duration: 9ms -->
    </step><!-- duration: 65ms -->
    <step title="None repository commit" date="2025-12-23T18:43:02.781" >
      <step title="Commit id: 6e769ebf-4467-4514-88cd-396b23768bbd" date="2025-12-23T18:43:02.786" Message="N/A" AuthorName="N/A" AuthorEmail="N/A" /><!-- duration: 6ms -->
    </step><!-- duration: 16ms -->
    <step title="Attempting to fetch target branch HEAD" date="2025-12-23T18:43:02.800" /><!-- duration: 3ms -->
    <step title="Acquiring Deployment Lock" date="2025-12-23T18:43:02.809" /><!-- duration: 4ms -->
    <step title="Acquired Deployment Lock" date="2025-12-23T18:43:02.842" /><!-- duration: 6ms -->
    <step title="None repository commit" date="2025-12-23T18:43:02.854" >
      <step title="Commit id: 6e769ebf-4467-4514-88cd-396b23768bbd" date="2025-12-23T18:43:02.859" Message="N/A" AuthorName="N/A" AuthorEmail="N/A" /><!-- duration: 6ms -->
    </step><!-- duration: 18ms -->
    <step title="Performing fetch based deployment" date="2025-12-23T18:43:02.877" >
      <step title="Creating temporary deployment" date="2025-12-23T18:43:02.903" /><!-- duration: 90ms -->
      <step title="Releasing Deployment Lock" date="2025-12-23T18:43:04.146" /><!-- duration: 9ms -->
      <step title="Cleaning up temp folders from previous zip deployments and extracting pushed zip file /tmp/zipdeploy/76a904d2-59fd-459b-89c7-4380855a5bfc.zip (0.06 MB) to /tmp/zipdeploy/extracted" date="2025-12-23T18:43:04.189" >
        <step title="ChmodRecursive Process exited with total time taken in ms: 113" date="2025-12-23T18:43:04.443" /><!-- duration: 19ms -->
      </step><!-- duration: 295ms -->
      <step title="None repository commit" date="2025-12-23T18:43:04.505" >
        <step title="Commit id: 6e769ebf-4467-4514-88cd-396b23768bbd" date="2025-12-23T18:43:04.514" Message="OneDeploy" AuthorName="N/A" AuthorEmail="N/A" /><!-- duration: 5ms -->
      </step><!-- duration: 20ms -->
      <step title="None repository commit" date="2025-12-23T18:43:06.530" >
        <step title="Commit id: 6e769ebf-4467-4514-88cd-396b23768bbd" date="2025-12-23T18:43:06.536" Message="N/A" AuthorName="N/A" AuthorEmail="N/A" /><!-- duration: 6ms -->
      </step><!-- duration: 16ms -->
      <step title="Deployment timer started" date="2025-12-23T18:43:06.551" >
        <step title="DeploymentManager.Deploy(id:6e769ebf-4467-4514-88cd-396b23768bbd)" date="2025-12-23T18:43:06.558" >
          <step title="Collecting changeset information" date="2025-12-23T18:43:06.579" /><!-- duration: 81ms -->
          <step title="Updating submodules" date="2025-12-23T18:43:06.667" /><!-- duration: 1156ms -->
          <step title="Determining deployment builder" date="2025-12-23T18:43:08.078" >
            <step title="Builder is OryxBuilder" date="2025-12-23T18:43:08.083" /><!-- duration: 4ms -->
          </step><!-- duration: 19ms -->
          <step title="PreDeployment: context.CleanOutputPath False" date="2025-12-23T18:43:08.154" >
            <step title="PreDeployment: context.OutputPath /home/site/wwwroot" date="2025-12-23T18:43:08.299" >
              <step title="Building" date="2025-12-23T18:43:08.463" >
                <step title="Executing external process" date="2025-12-23T18:43:08.917" type="process" path="starter.sh" arguments="kudusync -v 50 -f /tmp/zipdeploy/extracted -t /home/site/wwwroot -n /home/site/deployments/6e769ebf-4467-4514-88cd-396b23768bbd/manifest -p /home/site/deployments/eee58411-5771-4191-b19e-8666668c344f/manifest -i &quot;.git;.hg;.deployment;.deploy.sh&quot;" /><!-- duration: 1519ms -->
                <step title="Modified file to trigger a restart of the app container." date="2025-12-23T18:43:11.257" /><!-- duration: 5ms -->
                <step title="Skip function trigger and logicapp sync because function is not enabled." date="2025-12-23T18:43:11.268" /><!-- duration: 4ms -->
                <step title="Purge deployment items" date="2025-12-23T18:43:12.304" >
                  <step title="Remove 22f80697-, Success, received at 12/21/2025 19:41:52" date="2025-12-23T18:43:12.365" /><!-- duration: 5ms -->
                </step><!-- duration: 71ms -->
              </step><!-- duration: 3983ms -->
            </step><!-- duration: 4153ms -->
            <step title="Cleaning up temp files" date="2025-12-23T18:43:12.456" /><!-- duration: 5ms -->
            <step title="Cleaning up temp files" date="2025-12-23T18:43:12.465" /><!-- duration: 507ms -->
            <step title="Reloading status file with latest updates" date="2025-12-23T18:43:13.005" >
              <step title="WebHooksManager.PublishEventAsync: PostDeployment" date="2025-12-23T18:43:13.013" /><!-- duration: 45ms -->
            </step><!-- duration: 59ms -->
            <step title="Cleaning up temporary deployment - fetch deployment was successful" date="2025-12-23T18:43:13.076" /><!-- duration: 20ms -->
          </step><!-- duration: 5090ms -->
        </step><!-- duration: 6693ms -->
        <step title="Outgoing response" date="2025-12-23T18:43:13.257" type="response" statusCode="200" statusText="OK" /><!-- duration: 5ms -->
      </step><!-- duration: 6716ms -->
