<step title="Incoming Request" date="2025-12-20T22:47:59.478" instance="f83f3e" url="/api/publish?type=zip&amp;async=True" method="POST" type="request" pid="768,1,7" Accept="*/*" Host="evaluaasi-motorv2-api.scm.azurewebsites.net" User-Agent="AZURECLI/2.81.0 (DEB)" Accept-Encoding="gzip, deflate" Authorization="Bea..." Cache-Control="no-cache" Content-Type="application/octet-stream" Cookie="ARRAffinity=f83f3ee9d12286f77233e42da2051dc9f32cd9fc92bde9436ebe04cf374c5900; ARRAffinitySameSite=f83f3ee9d12286f77233e42da2051dc9f32cd9fc92bde9436ebe04cf374c5900" Content-Length="32935" x-ms-client-request-id="e1ca923c-ddf5-11f0-9ac4-7c1e527c4dfd" x-ms-artifact-checksum="b0cbef92f506139570964acb0b991fa5dd15d940fa025a61127ecfca27fbe744" X-ARR-LOG-ID="e1ca923c-ddf5-11f0-9ac4-7c1e527c4dfd" CLIENT-IP="20.171.127.64:19905" X-SITE-DEPLOYMENT-ID="evaluaasi-motorv2-api" WAS-DEFAULT-HOSTNAME="evaluaasi-motorv2-api.scm.azurewebsites.net" X-Forwarded-Proto="https" X-AppService-Proto="https" X-Forwarded-TlsVersion="1.3" X-WAWS-Unencoded-URL="/api/publish?type=zip&amp;async=True" X-Client-IP="20.171.127.64" X-Client-Port="19905" >
  <step title="Cleanup Xml Logs" date="2025-12-20T22:47:59.495" /><!-- duration: 60ms -->
  <step title="OneDeploy" date="2025-12-20T22:48:00.308" >
    <step title="None repository commit" date="2025-12-20T22:48:00.463" >
      <step title="Commit id: 724b78b1-5301-4b2e-b12f-02a0dd41c382" date="2025-12-20T22:48:00.512" Message="N/A" AuthorName="N/A" AuthorEmail="N/A" /><!-- duration: 36ms -->
    </step><!-- duration: 107ms -->
    <step title="Starting PushDeployAsync" date="2025-12-20T22:48:00.694" /><!-- duration: 51ms -->
    <step title="Writing artifact to /tmp/zipdeploy/bc3ca7ef-5482-4394-ac64-9b49b011d2df.zip" date="2025-12-20T22:48:00.918" >
      <step title="Writing multipart request body to /tmp/zipdeploy/bc3ca7ef-5482-4394-ac64-9b49b011d2df.zip" date="2025-12-20T22:48:00.939" /><!-- duration: 11ms -->
    </step><!-- duration: 1665ms -->
    <step title="Start deployment in the background" date="2025-12-20T22:48:02.767" >
      <step title="Acquiring Deployment Lock" date="2025-12-20T22:48:03.320" /><!-- duration: 19ms -->
      <step title="Acquired Deployment Lock" date="2025-12-20T22:48:04.083" /><!-- duration: 17ms -->
    </step><!-- duration: 1946ms -->
  </step><!-- duration: 4622ms -->
  <step title="Outgoing response" date="2025-12-20T22:48:05.273" type="response" statusCode="202" statusText="Accepted" /><!-- duration: 92ms -->
</step><!-- duration: 5897ms -->
