﻿<?xml version="1.0" encoding="utf-8"?>
<deployment>
  <id>07ba611e-21bb-4888-95b6-ba7f529a1c92</id>
  <author>N/A</author>
  <deployer>OneDeploy</deployer>
  <authorEmail>N/A</authorEmail>
  <message>OneDeploy</message>
  <progress></progress>
  <status>Success</status>
  <statusText></statusText>
  <lastSuccessEndTime>2025-12-21T20:00:54.2056278Z</lastSuccessEndTime>
  <receivedTime>2025-12-21T20:00:50.0076672Z</receivedTime>
  <startTime>2025-12-21T20:00:51.3404074Z</startTime>
  <endTime>2025-12-21T20:00:54.2056278Z</endTime>
  <complete>True</complete>
  <is_temp>False</is_temp>
  <is_readonly>True</is_readonly>
  <buildSummary />
</deployment>