﻿<?xml version="1.0" encoding="utf-8"?>
<deployment>
  <id>8f9c3746-de92-4351-986e-9d75d8181153</id>
  <author>N/A</author>
  <deployer>OneDeploy</deployer>
  <authorEmail>N/A</authorEmail>
  <message>N/A</message>
  <progress></progress>
  <status>Success</status>
  <statusText></statusText>
  <lastSuccessEndTime>2025-12-23T18:27:34.581095Z</lastSuccessEndTime>
  <receivedTime>2025-12-23T18:27:24.19445Z</receivedTime>
  <startTime>2025-12-23T18:27:25.8313567Z</startTime>
  <endTime>2025-12-23T18:27:34.581095Z</endTime>
  <complete>True</complete>
  <is_temp>False</is_temp>
  <is_readonly>True</is_readonly>
  <buildSummary />
</deployment>