﻿<?xml version="1.0" encoding="utf-8"?>
<deployment>
  <id>eee58411-5771-4191-b19e-8666668c344f</id>
  <author>N/A</author>
  <deployer>OneDeploy</deployer>
  <authorEmail>N/A</authorEmail>
  <message>N/A</message>
  <progress></progress>
  <status>Success</status>
  <statusText></statusText>
  <lastSuccessEndTime>2025-12-23T18:33:41.3230674Z</lastSuccessEndTime>
  <receivedTime>2025-12-23T18:33:35.187016Z</receivedTime>
  <startTime>2025-12-23T18:33:36.8789839Z</startTime>
  <endTime>2025-12-23T18:33:41.3230674Z</endTime>
  <complete>True</complete>
  <is_temp>False</is_temp>
  <is_readonly>True</is_readonly>
  <buildSummary />
</deployment>